Line1,JSF1
Line1,JSF2
Line1,JSFD13
Line1,T14
Line1,T19
Line1,T15
Line1,T18
Line2,JSFD6
Line2,JSF4
Line2,JSF5
Line2,T23
Line2,T25
Line2,T17
Line2,T26
Line3,JSFD2
Line3,JSF8
Line3,JSF9
Line3,T30
Line3,T31
Line3,T32
Line3,T33
Line4,JSF11
Line4,JSF12
Line4,JSFD3
Line4,T28
Line4,T29
Line4,T34
Line4,T35
Line5,JS076
Line5,JS085
Line5,JS095
Line5,T159
Line5,T185
Line5,T157
Line5,T178
Line6,JS099
Line6,JSFD8
Line6,PSF4
Line6,T40
Line6,T41
Line6,T36
Line6,T39
Line8,JSFD7
Line8,JSFD10
Line8,JSFP15
Line8,T52
Line8,T57
Line8,T53
Line8,T56
Line29,JS063
Line29,JS060
Line29,JS048
Line29,T132
Line29,T133
Line29,T136
Line29,T137
Line30,JS059
Line30,JS062
Line30,JS064
Line30,T138
Line30,T139
Line30,T143
Line30,T144
Line36,JS094
Line36,JS097
Line36,JS078
Line36,T162
Line36,T147
Line36,T175
Line36,T167
Line37,JS074
Line37,JS082
Line37,JS083
Line37,T158
Line37,T179
Line37,T153
Line37,T182
Line38,JS075
Line38,JS077
Line38,JS084
Line38,T166
Line38,T177
Line38,T165
Line38,T173
Line39,JS079
Line39,JS080
Line39,JS081
Line39,T168
Line39,T174
Line39,T169
Line39,T176
Line40,JSFD4
Line40,PSF2
Line40,PSF3
Line40,T5
Line40,T10
Line40,T6
Line40,T16
